{
  "getUserDetails" : {
    "transaction" : "getUserDetails",
    "sampleCount" : 184,
    "errorCount" : 4,
    "errorPct" : 2.173913,
    "meanResTime" : 189.52717391304344,
    "medianResTime" : 186.0,
    "minResTime" : 177.0,
    "maxResTime" : 353.0,
    "pct1ResTime" : 199.5,
    "pct2ResTime" : 201.75,
    "pct3ResTime" : 305.4000000000003,
    "throughput" : 6.222733267949542,
    "receivedKBytesPerSec" : 14.930616471219858,
    "sentKBytesPerSec" : 3.240665635885556
  },
  "getUserById" : {
    "transaction" : "getUserById",
    "sampleCount" : 182,
    "errorCount" : 4,
    "errorPct" : 2.1978023,
    "meanResTime" : 189.56593406593407,
    "medianResTime" : 186.0,
    "minResTime" : 176.0,
    "maxResTime" : 388.0,
    "pct1ResTime" : 199.0,
    "pct2ResTime" : 204.85,
    "pct3ResTime" : 324.089999999999,
    "throughput" : 6.274996552199696,
    "receivedKBytesPerSec" : 15.029850408564336,
    "sentKBytesPerSec" : 3.2674978558991863
  },
  "Total" : {
    "transaction" : "Total",
    "sampleCount" : 735,
    "errorCount" : 15,
    "errorPct" : 2.0408163,
    "meanResTime" : 190.59591836734708,
    "medianResTime" : 186.0,
    "minResTime" : 176.0,
    "maxResTime" : 755.0,
    "pct1ResTime" : 199.0,
    "pct2ResTime" : 203.0,
    "pct3ResTime" : 305.9599999999998,
    "throughput" : 24.457606814854252,
    "receivedKBytesPerSec" : 61.3994661856948,
    "sentKBytesPerSec" : 11.20096260232264
  },
  "getUserByName" : {
    "transaction" : "getUserByName",
    "sampleCount" : 182,
    "errorCount" : 4,
    "errorPct" : 2.1978023,
    "meanResTime" : 188.53846153846152,
    "medianResTime" : 187.0,
    "minResTime" : 178.0,
    "maxResTime" : 214.0,
    "pct1ResTime" : 199.0,
    "pct2ResTime" : 202.0,
    "pct3ResTime" : 212.33999999999997,
    "throughput" : 6.274347571275898,
    "receivedKBytesPerSec" : 15.267563379098148,
    "sentKBytesPerSec" : 3.3529420161512737
  },
  "Login" : {
    "transaction" : "Login",
    "sampleCount" : 187,
    "errorCount" : 3,
    "errorPct" : 1.6042781,
    "meanResTime" : 194.65240641711222,
    "medianResTime" : 186.0,
    "minResTime" : 176.0,
    "maxResTime" : 755.0,
    "pct1ResTime" : 200.0,
    "pct2ResTime" : 212.39999999999998,
    "pct3ResTime" : 494.52000000000135,
    "throughput" : 6.226276886195645,
    "receivedKBytesPerSec" : 17.47690508049211,
    "sentKBytesPerSec" : 1.623453055287341
  }
}